,Fecha,Hora,Consumo
34513,2023-08-07 23:00:00,24,0.535
34514,2023-08-08 00:00:00,1,0.598
34515,2023-08-08 01:00:00,2,0.373
34516,2023-08-08 02:00:00,3,0.317
34517,2023-08-08 03:00:00,4,0.314
34518,2023-08-08 04:00:00,5,0.329
34519,2023-08-08 05:00:00,6,0.293
34520,2023-08-08 06:00:00,7,0.42
34521,2023-08-08 07:00:00,8,0.342
34522,2023-08-08 08:00:00,9,0.412
34523,2023-08-08 09:00:00,10,0.424
34524,2023-08-08 10:00:00,11,0.396
34525,2023-08-08 11:00:00,12,0.413
34526,2023-08-08 12:00:00,13,0.409
34527,2023-08-08 13:00:00,14,0.414
34528,2023-08-08 14:00:00,15,0.42
34529,2023-08-08 15:00:00,16,0.416
34530,2023-08-08 16:00:00,17,0.415
34531,2023-08-08 17:00:00,18,0.413
34532,2023-08-08 18:00:00,19,0.419
34533,2023-08-08 19:00:00,20,0.417
34534,2023-08-08 20:00:00,21,0.417
34535,2023-08-08 21:00:00,22,0.619
34536,2023-08-08 22:00:00,23,0.419
34537,2023-08-08 23:00:00,24,0.616
34538,2023-08-09 00:00:00,1,0.643
34539,2023-08-09 01:00:00,2,0.377
34540,2023-08-09 02:00:00,3,0.314
34541,2023-08-09 03:00:00,4,0.309
34542,2023-08-09 04:00:00,5,0.303
34543,2023-08-09 05:00:00,6,0.301
34544,2023-08-09 06:00:00,7,0.35
34545,2023-08-09 07:00:00,8,0.417
34546,2023-08-09 08:00:00,9,0.408
34547,2023-08-09 09:00:00,10,0.412
34548,2023-08-09 10:00:00,11,0.451
34549,2023-08-09 11:00:00,12,0.503
34550,2023-08-09 12:00:00,13,0.515
34551,2023-08-09 13:00:00,14,0.539
34552,2023-08-09 14:00:00,15,0.576
34553,2023-08-09 15:00:00,16,0.569
34554,2023-08-09 16:00:00,17,0.552
34555,2023-08-09 17:00:00,18,0.57
34556,2023-08-09 18:00:00,19,0.579
34557,2023-08-09 19:00:00,20,0.638
34558,2023-08-09 20:00:00,21,0.65
34559,2023-08-09 21:00:00,22,0.606
34560,2023-08-09 22:00:00,23,0.665
34561,2023-08-09 23:00:00,24,0.678
34562,2023-08-10 00:00:00,1,0.518
34563,2023-08-10 01:00:00,2,0.364
34564,2023-08-10 02:00:00,3,0.283
34565,2023-08-10 03:00:00,4,0.242
34566,2023-08-10 04:00:00,5,0.24
34567,2023-08-10 05:00:00,6,0.239
34568,2023-08-10 06:00:00,7,0.356
34569,2023-08-10 07:00:00,8,0.408
34570,2023-08-10 08:00:00,9,0.415
34571,2023-08-10 09:00:00,10,0.419
34572,2023-08-10 10:00:00,11,0.459
34573,2023-08-10 11:00:00,12,0.511
34574,2023-08-10 12:00:00,13,0.531
34575,2023-08-10 13:00:00,14,0.559
34576,2023-08-10 14:00:00,15,0.59
34577,2023-08-10 15:00:00,16,0.596
34578,2023-08-10 16:00:00,17,0.481
34579,2023-08-10 17:00:00,18,0.584
34580,2023-08-10 18:00:00,19,0.583
34581,2023-08-10 19:00:00,20,0.682
34582,2023-08-10 20:00:00,21,0.68
34583,2023-08-10 21:00:00,22,0.675
34584,2023-08-10 22:00:00,23,0.654
34585,2023-08-10 23:00:00,24,0.679
34586,2023-08-11 00:00:00,1,0.606
34587,2023-08-11 01:00:00,2,0.37
34588,2023-08-11 02:00:00,3,0.314
34589,2023-08-11 03:00:00,4,0.284
34590,2023-08-11 04:00:00,5,0.153
34591,2023-08-11 05:00:00,6,0.116
34592,2023-08-11 06:00:00,7,0.229
34593,2023-08-11 07:00:00,8,0.304
34594,2023-08-11 08:00:00,9,0.41
34595,2023-08-11 09:00:00,10,0.42
34596,2023-08-11 10:00:00,11,0.458
34597,2023-08-11 11:00:00,12,0.51
34598,2023-08-11 12:00:00,13,0.468
34599,2023-08-11 13:00:00,14,0.542
34600,2023-08-11 14:00:00,15,0.567
34601,2023-08-11 15:00:00,16,0.579
34602,2023-08-11 16:00:00,17,0.582
34603,2023-08-11 17:00:00,18,0.585
34604,2023-08-11 18:00:00,19,0.581
34605,2023-08-11 19:00:00,20,0.537
34606,2023-08-11 20:00:00,21,0.637
34607,2023-08-11 21:00:00,22,0.633
34608,2023-08-11 22:00:00,23,0.633
34609,2023-08-11 23:00:00,24,0.636
34610,2023-08-12 00:00:00,1,0.593
34611,2023-08-12 01:00:00,2,0.369
34612,2023-08-12 02:00:00,3,0.284
34613,2023-08-12 03:00:00,4,0.248
34614,2023-08-12 04:00:00,5,0.234
34615,2023-08-12 05:00:00,6,0.13
34616,2023-08-12 06:00:00,7,0.333
34617,2023-08-12 07:00:00,8,0.416
34618,2023-08-12 08:00:00,9,0.422
34619,2023-08-12 09:00:00,10,0.432
34620,2023-08-12 10:00:00,11,0.452
34621,2023-08-12 11:00:00,12,0.531
34622,2023-08-12 12:00:00,13,0.54
34623,2023-08-12 13:00:00,14,0.566
34624,2023-08-12 14:00:00,15,0.594
34625,2023-08-12 15:00:00,16,0.604
34626,2023-08-12 16:00:00,17,0.59
34627,2023-08-12 17:00:00,18,0.59
34628,2023-08-12 18:00:00,19,0.582
34629,2023-08-12 19:00:00,20,0.642
34630,2023-08-12 20:00:00,21,0.636
34631,2023-08-12 21:00:00,22,0.612
34632,2023-08-12 22:00:00,23,0.638
34633,2023-08-12 23:00:00,24,0.632
34634,2023-08-13 00:00:00,1,0.606
34635,2023-08-13 01:00:00,2,0.37
34636,2023-08-13 02:00:00,3,0.284
34637,2023-08-13 03:00:00,4,0.239
34638,2023-08-13 04:00:00,5,0.144
34639,2023-08-13 05:00:00,6,0.116
34640,2023-08-13 06:00:00,7,0.32
34641,2023-08-13 07:00:00,8,0.42
34642,2023-08-13 08:00:00,9,0.422
34643,2023-08-13 09:00:00,10,0.426
34644,2023-08-13 10:00:00,11,0.461
34645,2023-08-13 11:00:00,12,0.529
34646,2023-08-13 12:00:00,13,0.545
34647,2023-08-13 13:00:00,14,0.559
34648,2023-08-13 14:00:00,15,0.595
34649,2023-08-13 15:00:00,16,0.6
34650,2023-08-13 16:00:00,17,0.59
34651,2023-08-13 17:00:00,18,0.593
34652,2023-08-13 18:00:00,19,0.622
34653,2023-08-13 19:00:00,20,0.659
34654,2023-08-13 20:00:00,21,0.659
34655,2023-08-13 21:00:00,22,0.639
34656,2023-08-13 22:00:00,23,0.623
34657,2023-08-13 23:00:00,24,0.659
34658,2023-08-14 00:00:00,1,0.618
34659,2023-08-14 01:00:00,2,0.371
34660,2023-08-14 02:00:00,3,0.314
34661,2023-08-14 03:00:00,4,0.285
34662,2023-08-14 04:00:00,5,0.152
34663,2023-08-14 05:00:00,6,0.116
34664,2023-08-14 06:00:00,7,0.203
34665,2023-08-14 07:00:00,8,0.297
34666,2023-08-14 08:00:00,9,0.431
34667,2023-08-14 09:00:00,10,0.329
34668,2023-08-14 10:00:00,11,0.414
34669,2023-08-14 11:00:00,12,0.522
34670,2023-08-14 12:00:00,13,0.529
34671,2023-08-14 13:00:00,14,0.478
34672,2023-08-14 14:00:00,15,0.561
34673,2023-08-14 15:00:00,16,0.579
34674,2023-08-14 16:00:00,17,0.581
34675,2023-08-14 17:00:00,18,0.581
34676,2023-08-14 18:00:00,19,0.412
34677,2023-08-14 19:00:00,20,0.594
34678,2023-08-14 20:00:00,21,0.637
34679,2023-08-14 21:00:00,22,0.636
34680,2023-08-14 22:00:00,23,0.664
34681,2023-08-14 23:00:00,24,0.647
34682,2023-08-15 00:00:00,1,0.627
34683,2023-08-15 01:00:00,2,0.366
34684,2023-08-15 02:00:00,3,0.315
34685,2023-08-15 03:00:00,4,0.308
34686,2023-08-15 04:00:00,5,0.278
34687,2023-08-15 05:00:00,6,0.164
34688,2023-08-15 06:00:00,7,0.175
34689,2023-08-15 07:00:00,8,0.187
34690,2023-08-15 08:00:00,9,0.278
34691,2023-08-15 09:00:00,10,0.484
34692,2023-08-15 10:00:00,11,0.485
34693,2023-08-15 11:00:00,12,0.555
34694,2023-08-15 12:00:00,13,0.584
34695,2023-08-15 13:00:00,14,0.592
34696,2023-08-15 14:00:00,15,0.624
34697,2023-08-15 15:00:00,16,0.619
34698,2023-08-15 16:00:00,17,0.628
34699,2023-08-15 17:00:00,18,0.628
34700,2023-08-15 18:00:00,19,0.635
34701,2023-08-15 19:00:00,20,0.631
34702,2023-08-15 20:00:00,21,0.663
34703,2023-08-15 21:00:00,22,0.664
34704,2023-08-15 22:00:00,23,0.652
34705,2023-08-15 23:00:00,24,0.659
34706,2023-08-16 00:00:00,1,0.613
34707,2023-08-16 01:00:00,2,0.367
34708,2023-08-16 02:00:00,3,0.316
34709,2023-08-16 03:00:00,4,0.309
34710,2023-08-16 04:00:00,5,0.303
34711,2023-08-16 05:00:00,6,0.265
34712,2023-08-16 06:00:00,7,0.195
34713,2023-08-16 07:00:00,8,0.196
34714,2023-08-16 08:00:00,9,0.206
34715,2023-08-16 09:00:00,10,0.3
34716,2023-08-16 10:00:00,11,0.476
34717,2023-08-16 11:00:00,12,0.56
34718,2023-08-16 12:00:00,13,0.582
34719,2023-08-16 13:00:00,14,0.589
34720,2023-08-16 14:00:00,15,0.617
34721,2023-08-16 15:00:00,16,0.617
34722,2023-08-16 16:00:00,17,0.626
34723,2023-08-16 17:00:00,18,0.626
34724,2023-08-16 18:00:00,19,0.636
34725,2023-08-16 19:00:00,20,0.684
34726,2023-08-16 20:00:00,21,0.648
34727,2023-08-16 21:00:00,22,0.649
34728,2023-08-16 22:00:00,23,0.66
34729,2023-08-16 23:00:00,24,0.644
34730,2023-08-17 00:00:00,1,0.615
34731,2023-08-17 01:00:00,2,0.366
34732,2023-08-17 02:00:00,3,0.317
34733,2023-08-17 03:00:00,4,0.309
34734,2023-08-17 04:00:00,5,0.305
34735,2023-08-17 05:00:00,6,0.3
34736,2023-08-17 06:00:00,7,0.267
34737,2023-08-17 07:00:00,8,0.208
34738,2023-08-17 08:00:00,9,0.206
34739,2023-08-17 09:00:00,10,0.225
34740,2023-08-17 10:00:00,11,0.308
34741,2023-08-17 11:00:00,12,0.574
34742,2023-08-17 12:00:00,13,0.586
34743,2023-08-17 13:00:00,14,0.591
34744,2023-08-17 14:00:00,15,0.619
34745,2023-08-17 15:00:00,16,0.619
34746,2023-08-17 16:00:00,17,0.628
34747,2023-08-17 17:00:00,18,0.628
34748,2023-08-17 18:00:00,19,0.638
34749,2023-08-17 19:00:00,20,0.687
34750,2023-08-17 20:00:00,21,0.652
34751,2023-08-17 21:00:00,22,0.652
34752,2023-08-17 22:00:00,23,0.652
34753,2023-08-17 23:00:00,24,0.648
34754,2023-08-18 00:00:00,1,0.606
34755,2023-08-18 01:00:00,2,0.369
34756,2023-08-18 02:00:00,3,0.317
34757,2023-08-18 03:00:00,4,0.309
34758,2023-08-18 04:00:00,5,0.303
34759,2023-08-18 05:00:00,6,0.297
34760,2023-08-18 06:00:00,7,0.35
34761,2023-08-18 07:00:00,8,0.398
34762,2023-08-18 08:00:00,9,0.38
34763,2023-08-18 09:00:00,10,0.38
34764,2023-08-18 10:00:00,11,0.402
34765,2023-08-18 11:00:00,12,0.536
34766,2023-08-18 12:00:00,13,0.586
34767,2023-08-18 13:00:00,14,0.592
34768,2023-08-18 14:00:00,15,0.621
34769,2023-08-18 15:00:00,16,0.621
34770,2023-08-18 16:00:00,17,0.629
34771,2023-08-18 17:00:00,18,0.629
34772,2023-08-18 18:00:00,19,0.639
34773,2023-08-18 19:00:00,20,0.675
34774,2023-08-18 20:00:00,21,0.656
34775,2023-08-18 21:00:00,22,0.639
34776,2023-08-18 22:00:00,23,0.64
34777,2023-08-18 23:00:00,24,0.635
34778,2023-08-19 00:00:00,1,0.604
34779,2023-08-19 01:00:00,2,0.369
34780,2023-08-19 02:00:00,3,0.317
34781,2023-08-19 03:00:00,4,0.309
34782,2023-08-19 04:00:00,5,0.303
34783,2023-08-19 05:00:00,6,0.297
34784,2023-08-19 06:00:00,7,0.349
34785,2023-08-19 07:00:00,8,0.407
34786,2023-08-19 08:00:00,9,0.413
34787,2023-08-19 09:00:00,10,0.417
34788,2023-08-19 10:00:00,11,0.491
34789,2023-08-19 11:00:00,12,0.55
34790,2023-08-19 12:00:00,13,0.576
34791,2023-08-19 13:00:00,14,0.583
34792,2023-08-19 14:00:00,15,0.611
34793,2023-08-19 15:00:00,16,0.611
34794,2023-08-19 16:00:00,17,0.62
34795,2023-08-19 17:00:00,18,0.62
34796,2023-08-19 18:00:00,19,0.63
34797,2023-08-19 19:00:00,20,0.667
34798,2023-08-19 20:00:00,21,0.638
34799,2023-08-19 21:00:00,22,0.638
34800,2023-08-19 22:00:00,23,0.649
34801,2023-08-19 23:00:00,24,0.633
34802,2023-08-20 00:00:00,1,0.604
34803,2023-08-20 01:00:00,2,0.369
34804,2023-08-20 02:00:00,3,0.316
34805,2023-08-20 03:00:00,4,0.309
34806,2023-08-20 04:00:00,5,0.305
34807,2023-08-20 05:00:00,6,0.3
34808,2023-08-20 06:00:00,7,0.342
34809,2023-08-20 07:00:00,8,0.401
34810,2023-08-20 08:00:00,9,0.405
34811,2023-08-20 09:00:00,10,0.409
34812,2023-08-20 10:00:00,11,0.49
34813,2023-08-20 11:00:00,12,0.559
34814,2023-08-20 12:00:00,13,0.576
34815,2023-08-20 13:00:00,14,0.583
34816,2023-08-20 14:00:00,15,0.611
34817,2023-08-20 15:00:00,16,0.611
34818,2023-08-20 16:00:00,17,0.62
34819,2023-08-20 17:00:00,18,0.62
34820,2023-08-20 18:00:00,19,0.63
34821,2023-08-20 19:00:00,20,0.658
34822,2023-08-20 20:00:00,21,0.639
34823,2023-08-20 21:00:00,22,0.64
34824,2023-08-20 22:00:00,23,0.638
34825,2023-08-20 23:00:00,24,0.634
34826,2023-08-21 00:00:00,1,0.605
34827,2023-08-21 01:00:00,2,0.369
34828,2023-08-21 02:00:00,3,0.315
34829,2023-08-21 03:00:00,4,0.308
34830,2023-08-21 04:00:00,5,0.304
34831,2023-08-21 05:00:00,6,0.3
34832,2023-08-21 06:00:00,7,0.307
34833,2023-08-21 07:00:00,8,0.3
34834,2023-08-21 08:00:00,9,0.405
34835,2023-08-21 09:00:00,10,0.336
34836,2023-08-21 10:00:00,11,0.48
34837,2023-08-21 11:00:00,12,0.561
34838,2023-08-21 12:00:00,13,0.577
34839,2023-08-21 13:00:00,14,0.584
34840,2023-08-21 14:00:00,15,0.611
34841,2023-08-21 15:00:00,16,0.611
34842,2023-08-21 16:00:00,17,0.62
34843,2023-08-21 17:00:00,18,0.62
34844,2023-08-21 18:00:00,19,0.63
34845,2023-08-21 19:00:00,20,0.665
34846,2023-08-21 20:00:00,21,0.656
34847,2023-08-21 21:00:00,22,0.638
34848,2023-08-21 22:00:00,23,0.638
34849,2023-08-21 23:00:00,24,0.635
34850,2023-08-22 00:00:00,1,0.613
34851,2023-08-22 01:00:00,2,0.366
34852,2023-08-22 02:00:00,3,0.315
34853,2023-08-22 03:00:00,4,0.308
34854,2023-08-22 04:00:00,5,0.303
34855,2023-08-22 05:00:00,6,0.296
34856,2023-08-22 06:00:00,7,0.312
34857,2023-08-22 07:00:00,8,0.293
34858,2023-08-22 08:00:00,9,0.33
34859,2023-08-22 09:00:00,10,0.333
34860,2023-08-22 10:00:00,11,0.486
34861,2023-08-22 11:00:00,12,0.565
34862,2023-08-22 12:00:00,13,0.58
34863,2023-08-22 13:00:00,14,0.585
34864,2023-08-22 14:00:00,15,0.611
34865,2023-08-22 15:00:00,16,0.611
34866,2023-08-22 16:00:00,17,0.62
34867,2023-08-22 17:00:00,18,0.62
34868,2023-08-22 18:00:00,19,0.63
34869,2023-08-22 19:00:00,20,0.667
34870,2023-08-22 20:00:00,21,0.65
34871,2023-08-22 21:00:00,22,0.651
34872,2023-08-22 22:00:00,23,0.651
34873,2023-08-22 23:00:00,24,0.646
34874,2023-08-23 00:00:00,1,0.613
34875,2023-08-23 01:00:00,2,0.367
34876,2023-08-23 02:00:00,3,0.316
34877,2023-08-23 03:00:00,4,0.309
34878,2023-08-23 04:00:00,5,0.303
34879,2023-08-23 05:00:00,6,0.297
34880,2023-08-23 06:00:00,7,0.293
34881,2023-08-23 07:00:00,8,0.403
34882,2023-08-23 08:00:00,9,0.405
34883,2023-08-23 09:00:00,10,0.402
34884,2023-08-23 10:00:00,11,0.473
34885,2023-08-23 11:00:00,12,0.555
34886,2023-08-23 12:00:00,13,0.576
34887,2023-08-23 13:00:00,14,0.584
34888,2023-08-23 14:00:00,15,0.611
34889,2023-08-23 15:00:00,16,0.611
34890,2023-08-23 16:00:00,17,0.62
34891,2023-08-23 17:00:00,18,0.62
34892,2023-08-23 18:00:00,19,0.63
34893,2023-08-23 19:00:00,20,0.667
34894,2023-08-23 20:00:00,21,0.651
34895,2023-08-23 21:00:00,22,0.651
34896,2023-08-23 22:00:00,23,0.651
34897,2023-08-23 23:00:00,24,0.646
34898,2023-08-24 00:00:00,1,0.614
34899,2023-08-24 01:00:00,2,0.366
34900,2023-08-24 02:00:00,3,0.317
34901,2023-08-24 03:00:00,4,0.309
34902,2023-08-24 04:00:00,5,0.303
34903,2023-08-24 05:00:00,6,0.297
34904,2023-08-24 06:00:00,7,0.282
34905,2023-08-24 07:00:00,8,0.311
34906,2023-08-24 08:00:00,9,0.407
34907,2023-08-24 09:00:00,10,0.412
34908,2023-08-24 10:00:00,11,0.47
34909,2023-08-24 11:00:00,12,0.544
34910,2023-08-24 12:00:00,13,0.577
34911,2023-08-24 13:00:00,14,0.582
34912,2023-08-24 14:00:00,15,0.611
34913,2023-08-24 15:00:00,16,0.611
34914,2023-08-24 16:00:00,17,0.62
34915,2023-08-24 17:00:00,18,0.62
34916,2023-08-24 18:00:00,19,0.63
34917,2023-08-24 19:00:00,20,0.668
34918,2023-08-24 20:00:00,21,0.652
34919,2023-08-24 21:00:00,22,0.652
34920,2023-08-24 22:00:00,23,0.652
34921,2023-08-24 23:00:00,24,0.648
34922,2023-08-25 00:00:00,1,0.606
34923,2023-08-25 01:00:00,2,0.369
34924,2023-08-25 02:00:00,3,0.317
34925,2023-08-25 03:00:00,4,0.309
34926,2023-08-25 04:00:00,5,0.303
34927,2023-08-25 05:00:00,6,0.297
34928,2023-08-25 06:00:00,7,0.281
34929,2023-08-25 07:00:00,8,0.287
34930,2023-08-25 08:00:00,9,0.318
34931,2023-08-25 09:00:00,10,0.413
34932,2023-08-25 10:00:00,11,0.49
34933,2023-08-25 11:00:00,12,0.572
34934,2023-08-25 12:00:00,13,0.579
34935,2023-08-25 13:00:00,14,0.584
34936,2023-08-25 14:00:00,15,0.613
34937,2023-08-25 15:00:00,16,0.613
34938,2023-08-25 16:00:00,17,0.622
34939,2023-08-25 17:00:00,18,0.622
34940,2023-08-25 18:00:00,19,0.632
34941,2023-08-25 19:00:00,20,0.655
34942,2023-08-25 20:00:00,21,0.64
34943,2023-08-25 21:00:00,22,0.641
34944,2023-08-25 22:00:00,23,0.64
34945,2023-08-25 23:00:00,24,0.635
34946,2023-08-26 00:00:00,1,0.604
34947,2023-08-26 01:00:00,2,0.369
34948,2023-08-26 02:00:00,3,0.317
34949,2023-08-26 03:00:00,4,0.309
34950,2023-08-26 04:00:00,5,0.303
34951,2023-08-26 05:00:00,6,0.297
34952,2023-08-26 06:00:00,7,0.281
34953,2023-08-26 07:00:00,8,0.287
34954,2023-08-26 08:00:00,9,0.314
34955,2023-08-26 09:00:00,10,0.412
34956,2023-08-26 10:00:00,11,0.493
34957,2023-08-26 11:00:00,12,0.556
34958,2023-08-26 12:00:00,13,0.576
34959,2023-08-26 13:00:00,14,0.583
34960,2023-08-26 14:00:00,15,0.611
34961,2023-08-26 15:00:00,16,0.611
34962,2023-08-26 16:00:00,17,0.62
34963,2023-08-26 17:00:00,18,0.62
34964,2023-08-26 18:00:00,19,0.63
34965,2023-08-26 19:00:00,20,0.654
34966,2023-08-26 20:00:00,21,0.639
34967,2023-08-26 21:00:00,22,0.638
34968,2023-08-26 22:00:00,23,0.638
34969,2023-08-26 23:00:00,24,0.635
34970,2023-08-27 00:00:00,1,0.604
34971,2023-08-27 01:00:00,2,0.369
34972,2023-08-27 02:00:00,3,0.316
34973,2023-08-27 03:00:00,4,0.309
34974,2023-08-27 04:00:00,5,0.304
34975,2023-08-27 05:00:00,6,0.301
34976,2023-08-27 06:00:00,7,0.304
34977,2023-08-27 07:00:00,8,0.386
34978,2023-08-27 08:00:00,9,0.402
34979,2023-08-27 09:00:00,10,0.408
34980,2023-08-27 10:00:00,11,0.496
34981,2023-08-27 11:00:00,12,0.556
34982,2023-08-27 12:00:00,13,0.576
34983,2023-08-27 13:00:00,14,0.583
34984,2023-08-27 14:00:00,15,0.611
34985,2023-08-27 15:00:00,16,0.611
34986,2023-08-27 16:00:00,17,0.62
34987,2023-08-27 17:00:00,18,0.62
34988,2023-08-27 18:00:00,19,0.63
34989,2023-08-27 19:00:00,20,0.654
34990,2023-08-27 20:00:00,21,0.639
34991,2023-08-27 21:00:00,22,0.638
34992,2023-08-27 22:00:00,23,0.638
34993,2023-08-27 23:00:00,24,0.634
34994,2023-08-28 00:00:00,1,0.604
34995,2023-08-28 01:00:00,2,0.369
34996,2023-08-28 02:00:00,3,0.315
34997,2023-08-28 03:00:00,4,0.308
34998,2023-08-28 04:00:00,5,0.304
34999,2023-08-28 05:00:00,6,0.301
35000,2023-08-28 06:00:00,7,0.302
35001,2023-08-28 07:00:00,8,0.308
35002,2023-08-28 08:00:00,9,0.314
35003,2023-08-28 09:00:00,10,0.336
35004,2023-08-28 10:00:00,11,0.475
35005,2023-08-28 11:00:00,12,0.557
35006,2023-08-28 12:00:00,13,0.577
35007,2023-08-28 13:00:00,14,0.584
35008,2023-08-28 14:00:00,15,0.611
35009,2023-08-28 15:00:00,16,0.611
35010,2023-08-28 16:00:00,17,0.62
35011,2023-08-28 17:00:00,18,0.62
35012,2023-08-28 18:00:00,19,0.63
35013,2023-08-28 19:00:00,20,0.654
35014,2023-08-28 20:00:00,21,0.639
35015,2023-08-28 21:00:00,22,0.64
35016,2023-08-28 22:00:00,23,0.638
35017,2023-08-28 23:00:00,24,0.634
35018,2023-08-29 00:00:00,1,0.612
35019,2023-08-29 01:00:00,2,0.366
35020,2023-08-29 02:00:00,3,0.315
35021,2023-08-29 03:00:00,4,0.308
35022,2023-08-29 04:00:00,5,0.304
35023,2023-08-29 05:00:00,6,0.301
35024,2023-08-29 06:00:00,7,0.301
35025,2023-08-29 07:00:00,8,0.297
35026,2023-08-29 08:00:00,9,0.286
35027,2023-08-29 09:00:00,10,0.3
35028,2023-08-29 10:00:00,11,0.394
35029,2023-08-29 11:00:00,12,0.576
35030,2023-08-29 12:00:00,13,0.577
35031,2023-08-29 13:00:00,14,0.582
35032,2023-08-29 14:00:00,15,0.609
35033,2023-08-29 15:00:00,16,0.609
35034,2023-08-29 16:00:00,17,0.618
35035,2023-08-29 17:00:00,18,0.618
35036,2023-08-29 18:00:00,19,0.628
35037,2023-08-29 19:00:00,20,0.665
35038,2023-08-29 20:00:00,21,0.649
35039,2023-08-29 21:00:00,22,0.649
35040,2023-08-29 22:00:00,23,0.649
35041,2023-08-29 23:00:00,24,0.644
35042,2023-08-30 00:00:00,1,0.614
35043,2023-08-30 01:00:00,2,0.367
35044,2023-08-30 02:00:00,3,0.319
35045,2023-08-30 03:00:00,4,0.312
35046,2023-08-30 04:00:00,5,0.309
35047,2023-08-30 05:00:00,6,0.307
35048,2023-08-30 06:00:00,7,0.321
35049,2023-08-30 07:00:00,8,0.397
35050,2023-08-30 08:00:00,9,0.402
35051,2023-08-30 09:00:00,10,0.403
35052,2023-08-30 10:00:00,11,0.478
35053,2023-08-30 11:00:00,12,0.543
35054,2023-08-30 12:00:00,13,0.575
35055,2023-08-30 13:00:00,14,0.581
35056,2023-08-30 14:00:00,15,0.609
35057,2023-08-30 15:00:00,16,0.609
35058,2023-08-30 16:00:00,17,0.618
35059,2023-08-30 17:00:00,18,0.618
35060,2023-08-30 18:00:00,19,0.628
35061,2023-08-30 19:00:00,20,0.665
35062,2023-08-30 20:00:00,21,0.649
35063,2023-08-30 21:00:00,22,0.649
35064,2023-08-30 22:00:00,23,0.649
35065,2023-08-30 23:00:00,24,0.644
35066,2023-08-31 00:00:00,1,0.617
35067,2023-08-31 01:00:00,2,0.365
35068,2023-08-31 02:00:00,3,0.315
35069,2023-08-31 03:00:00,4,0.308
35070,2023-08-31 04:00:00,5,0.302
35071,2023-08-31 05:00:00,6,0.318
35072,2023-08-31 06:00:00,7,0.326
35073,2023-08-31 07:00:00,8,0.396
35074,2023-08-31 08:00:00,9,0.405
35075,2023-08-31 09:00:00,10,0.406
35076,2023-08-31 10:00:00,11,0.475
35077,2023-08-31 11:00:00,12,0.573
35078,2023-08-31 12:00:00,13,0.578
35079,2023-08-31 13:00:00,14,0.584
35080,2023-08-31 14:00:00,15,0.612
35081,2023-08-31 15:00:00,16,0.612
35082,2023-08-31 16:00:00,17,0.621
35083,2023-08-31 17:00:00,18,0.621
35084,2023-08-31 18:00:00,19,0.634
35085,2023-08-31 19:00:00,20,0.668
35086,2023-08-31 20:00:00,21,0.653
35087,2023-08-31 21:00:00,22,0.653
35088,2023-08-31 22:00:00,23,0.653
35089,2023-08-31 23:00:00,24,0.648
35090,2023-09-01 00:00:00,1,0.596
35091,2023-09-01 01:00:00,2,0.368
35092,2023-09-01 02:00:00,3,0.315
35093,2023-09-01 03:00:00,4,0.307
35094,2023-09-01 04:00:00,5,0.299
35095,2023-09-01 05:00:00,6,0.298
35096,2023-09-01 06:00:00,7,0.293
35097,2023-09-01 07:00:00,8,0.326
35098,2023-09-01 08:00:00,9,0.405
35099,2023-09-01 09:00:00,10,0.409
35100,2023-09-01 10:00:00,11,0.462
35101,2023-09-01 11:00:00,12,0.553
35102,2023-09-01 12:00:00,13,0.565
35103,2023-09-01 13:00:00,14,0.572
35104,2023-09-01 14:00:00,15,0.6
35105,2023-09-01 15:00:00,16,0.6
35106,2023-09-01 16:00:00,17,0.609
35107,2023-09-01 17:00:00,18,0.609
35108,2023-09-01 18:00:00,19,0.622
35109,2023-09-01 19:00:00,20,0.644
35110,2023-09-01 20:00:00,21,0.629
35111,2023-09-01 21:00:00,22,0.629
35112,2023-09-01 22:00:00,23,0.629
35113,2023-09-01 23:00:00,24,0.624
35114,2023-09-02 00:00:00,1,0.593
35115,2023-09-02 01:00:00,2,0.365
35116,2023-09-02 02:00:00,3,0.315
35117,2023-09-02 03:00:00,4,0.307
35118,2023-09-02 04:00:00,5,0.299
35119,2023-09-02 05:00:00,6,0.298
35120,2023-09-02 06:00:00,7,0.292
35121,2023-09-02 07:00:00,8,0.322
35122,2023-09-02 08:00:00,9,0.402
35123,2023-09-02 09:00:00,10,0.412
35124,2023-09-02 10:00:00,11,0.467
35125,2023-09-02 11:00:00,12,0.538
35126,2023-09-02 12:00:00,13,0.562
35127,2023-09-02 13:00:00,14,0.567
35128,2023-09-02 14:00:00,15,0.599
35129,2023-09-02 15:00:00,16,0.599
35130,2023-09-02 16:00:00,17,0.608
35131,2023-09-02 17:00:00,18,0.608
35132,2023-09-02 18:00:00,19,0.62
35133,2023-09-02 19:00:00,20,0.642
35134,2023-09-02 20:00:00,21,0.627
35135,2023-09-02 21:00:00,22,0.627
35136,2023-09-02 22:00:00,23,0.627
35137,2023-09-02 23:00:00,24,0.622
35138,2023-09-03 00:00:00,1,0.593
35139,2023-09-03 01:00:00,2,0.364
35140,2023-09-03 02:00:00,3,0.314
35141,2023-09-03 03:00:00,4,0.307
35142,2023-09-03 04:00:00,5,0.298
35143,2023-09-03 05:00:00,6,0.294
35144,2023-09-03 06:00:00,7,0.277
35145,2023-09-03 07:00:00,8,0.286
35146,2023-09-03 08:00:00,9,0.308
35147,2023-09-03 09:00:00,10,0.401
35148,2023-09-03 10:00:00,11,0.472
35149,2023-09-03 11:00:00,12,0.551
35150,2023-09-03 12:00:00,13,0.561
35151,2023-09-03 13:00:00,14,0.567
35152,2023-09-03 14:00:00,15,0.599
35153,2023-09-03 15:00:00,16,0.599
35154,2023-09-03 16:00:00,17,0.608
35155,2023-09-03 17:00:00,18,0.608
35156,2023-09-03 18:00:00,19,0.62
35157,2023-09-03 19:00:00,20,0.642
35158,2023-09-03 20:00:00,21,0.627
35159,2023-09-03 21:00:00,22,0.627
35160,2023-09-03 22:00:00,23,0.627
35161,2023-09-03 23:00:00,24,0.622
35162,2023-09-04 00:00:00,1,0.593
35163,2023-09-04 01:00:00,2,0.364
35164,2023-09-04 02:00:00,3,0.313
35165,2023-09-04 03:00:00,4,0.305
35166,2023-09-04 04:00:00,5,0.298
35167,2023-09-04 05:00:00,6,0.294
35168,2023-09-04 06:00:00,7,0.272
35169,2023-09-04 07:00:00,8,0.247
35170,2023-09-04 08:00:00,9,0.288
35171,2023-09-04 09:00:00,10,0.311
35172,2023-09-04 10:00:00,11,0.471
35173,2023-09-04 11:00:00,12,0.55
35174,2023-09-04 12:00:00,13,0.562
35175,2023-09-04 13:00:00,14,0.568
35176,2023-09-04 14:00:00,15,0.599
35177,2023-09-04 15:00:00,16,0.599
35178,2023-09-04 16:00:00,17,0.608
35179,2023-09-04 17:00:00,18,0.608
35180,2023-09-04 18:00:00,19,0.62
35181,2023-09-04 19:00:00,20,0.642
35182,2023-09-04 20:00:00,21,0.627
35183,2023-09-04 21:00:00,22,0.627
35184,2023-09-04 22:00:00,23,0.627
35185,2023-09-04 23:00:00,24,0.622
35186,2023-09-05 00:00:00,1,0.601
35187,2023-09-05 01:00:00,2,0.367
35188,2023-09-05 02:00:00,3,0.313
35189,2023-09-05 03:00:00,4,0.305
35190,2023-09-05 04:00:00,5,0.298
35191,2023-09-05 05:00:00,6,0.294
35192,2023-09-05 06:00:00,7,0.272
35193,2023-09-05 07:00:00,8,0.212
35194,2023-09-05 08:00:00,9,0.198
35195,2023-09-05 09:00:00,10,0.31
35196,2023-09-05 10:00:00,11,0.467
35197,2023-09-05 11:00:00,12,0.555
35198,2023-09-05 12:00:00,13,0.562
35199,2023-09-05 13:00:00,14,0.568
35200,2023-09-05 14:00:00,15,0.599
35201,2023-09-05 15:00:00,16,0.599
35202,2023-09-05 16:00:00,17,0.608
35203,2023-09-05 17:00:00,18,0.608
35204,2023-09-05 18:00:00,19,0.62
35205,2023-09-05 19:00:00,20,0.654
35206,2023-09-05 20:00:00,21,0.639
35207,2023-09-05 21:00:00,22,0.64
35208,2023-09-05 22:00:00,23,0.64
35209,2023-09-05 23:00:00,24,0.635
35210,2023-09-06 00:00:00,1,0.609
35211,2023-09-06 01:00:00,2,0.371
35212,2023-09-06 02:00:00,3,0.314
35213,2023-09-06 03:00:00,4,0.307
35214,2023-09-06 04:00:00,5,0.298
35215,2023-09-06 05:00:00,6,0.294
35216,2023-09-06 06:00:00,7,0.278
35217,2023-09-06 07:00:00,8,0.244
35218,2023-09-06 08:00:00,9,0.208
35219,2023-09-06 09:00:00,10,0.225
35220,2023-09-06 10:00:00,11,0.306
35221,2023-09-06 11:00:00,12,0.548
35222,2023-09-06 12:00:00,13,0.562
35223,2023-09-06 13:00:00,14,0.567
35224,2023-09-06 14:00:00,15,0.599
35225,2023-09-06 15:00:00,16,0.599
35226,2023-09-06 16:00:00,17,0.608
35227,2023-09-06 17:00:00,18,0.608
35228,2023-09-06 18:00:00,19,0.62
35229,2023-09-06 19:00:00,20,0.654
35230,2023-09-06 20:00:00,21,0.639
35231,2023-09-06 21:00:00,22,0.64
35232,2023-09-06 22:00:00,23,0.64
35233,2023-09-06 23:00:00,24,0.635
